{
    "loss": 5.1588263511657715,
    "accuracy": 0.10000000149011612
}